,퍼스널컬러,브랜드,제품명
0,가을웜,비건수퍼,웨이브 립스틱 M02 투쿠시
1,봄웜,클리오,매드매트립 스윗구아바
2,여름쿨,맥,레트로매트립스틱 올파이어드업
3,봄웜,베네피트,단델리온
4,여름쿨,샤넬,샤넬 루쥬알뤼르 #99 피라트
5,가을웜,마몽드,벨벳레드
6,가을웜,클리오,프로 아이 팔레트 004 스트릿 브릭
7,겨울쿨,롬앤,템테이션 나잇
8,가을웜,에뛰드,룩 앳 마이아이즈 카페 카페라떼 우유많이
9,여름쿨,샤넬,샤넬 루쥬 알뤼르 114호 에피톰
10,여름쿨,슈에무라,루주언리미티드 강남핑크
11,봄웜,슈에무라,블러셔 521
12,여름쿨,페리페라,잉크더에어리벨벳 미모실화
13,가을웜,이니스프리,리얼핏 크리미 립스틱 가을숲 달빛 레드
14,가을웜,삐아,라스트 립스틱 2 고혹적
15,여름쿨,로라메르시에,구아바
16,봄웜,나스,섹스어필 블러셔
17,여름쿨,로레알,파리 샤인 카레스 글로스 틴트 #605
18,가을웜,릴리바이레드,앙큼라이어 코팅 틴트 비밀 많은 자몽인척
19,가을웜,마몽드,크리미 틴트 컬러밤 벨벳레드
20,가을웜,비건수퍼,웨이브 립스틱 M02 투쿠시
21,봄웜,클리오,매드매트립 스윗구아바
22,여름쿨,맥,레트로매트립스틱 올파이어드업
23,봄웜,베네피트,단델리온
24,여름쿨,샤넬,샤넬 루쥬알뤼르 #99 피라트
25,가을웜,마몽드,벨벳레드
26,가을웜,클리오,프로 아이 팔레트 004 스트릿 브릭
27,겨울쿨,롬앤,템테이션 나잇
28,가을웜,에뛰드,룩 앳 마이아이즈 카페 카페라떼 우유많이
29,여름쿨,샤넬,샤넬 루쥬 알뤼르 114호 에피톰
30,여름쿨,슈에무라,루주언리미티드 강남핑크
31,봄웜,슈에무라,블러셔 521
32,여름쿨,페리페라,잉크더에어리벨벳 미모실화
33,가을웜,이니스프리,리얼핏 크리미 립스틱 가을숲 달빛 레드
34,가을웜,삐아,라스트 립스틱 2 고혹적
35,여름쿨,로라메르시에,구아바
36,봄웜,나스,섹스어필 블러셔
37,여름쿨,로레알,파리 샤인 카레스 글로스 틴트 #605
38,가을웜,릴리바이레드,앙큼라이어 코팅 틴트 비밀 많은 자몽인척
39,가을웜,마몽드,크리미 틴트 컬러밤 벨벳레드
40,여름쿨,조르지오 아르마니,립마에스트로 #504
41,봄웜,네이처리퍼블릭,프로터치컬러마스터 섀도우 팔레트
42,봄웜,에뛰드,룩앳마이아이즈 프루티 상큼하다 귤
43,여름쿨,로라메르시에,매트 아이 컬러 - 캐시미어
44,가을웜,조르지오 아르마니,립 마에스트로 523 버닝로즈
45,봄웜,에뛰드,룩 앳 마이아이즈 빛 좋은 오로라 살구
46,봄웜,크리니크,치크팝 멜론팝
47,여름쿨,슈에무라,루즈 언리미티드 슈프림 마뜨
48,가을웜,웨이크메이크,수분톡틴트 자몽워터
49,봄웜,투쿨포스쿨,체크 글로시 블라스터 틴트 09 피에스타
50,가을웜,에뛰드,룩앳마이아이즈 통기타여신
51,여름쿨,슈에무라,프레스드 섀도우 soft purple 720
52,봄웜,미샤,코튼 블러셔 발레슈즈
53,가을웜,슈에무라,슈프림 마뜨 강남오렌지
54,봄웜,메이크업포에버,아티스트 루즈 라이트 L303
55,여름쿨,입생로랑,입생로랑 11호
56,여름쿨,나스,게이어티 4034
57,여름쿨,토니모리,치크톤 싱글 블러셔 - 밀키바이올렛
58,봄웜,웨이크,립페인트 15호
59,가을웜,맥,맥 루비우
60,여름쿨,에뛰드하우스,러블리쿠키블러셔
61,여름쿨,헤라,헤라 블랙쿠션
62,가을웜,투쿨포스쿨,아트
63,봄웜,이니스프리,마이파운데이션
64,여름쿨,조르지오아르마니,립마그넷 510
65,봄웜,베네피트,포지틴트
66,여름쿨,에뛰드하우스,컬러 인 리퀴드 립스 무스 - 핫체리버찌
67,봄웜,피치씨,소프트 아이섀도우 팔레트
68,여름쿨,나스,블러쉬 게이어티
69,여름쿨,클리오,오토 하드브로우펜슬 그레이브라운
70,가을웜,웨이크메이크,루즈건 제로 딥브라운
71,봄웜,웨이크메이크,립 페인트 15호
72,봄웜,베네피트,포지틴트
73,가을웜,이니스프리,5호 햇살 가득 장미
74,봄웜,에뛰드,피운데이션
75,여름쿨,입생로랑,루쥬볼립떼샤인 스틱
76,봄웜,스틸라,락킹로즈
77,가을웜,3ce,매트립스틱 221
78,여름쿨,나스,블러셔 임패션드
79,가을웜,토니모리,무드로즈
80,봄웜,이니스프리,파운데이션
81,여름쿨,맥,틴트 버시컬러 스테인 시즐리스에너지
82,가을웜,지베르니,고밀착 시그니처 파운데이션 23
83,겨울쿨,바비브라운,시멘트
84,여름쿨,크리니크,크리니크 치크팝  15 팬지팝
85,겨울쿨,입생로랑,바이닐 크림틴트 409
86,여름쿨,샤넬,루쥬코코샤인 91 보헤므
87,가을웜,크리니크,누드팝
88,봄웜,에스쁘아,노웨어 드레서
89,가을웜,웨이크메이크,립 페인트 10호 메이플페인트
90,여름쿨,베네피트,허바나 블러셔
91,가을웜,나스,립펜슬 바하마
92,봄웜,이니스프리,아이섀도우 설레는코랄
93,여름쿨,페리페라,미모실화
94,가을웜,웨이크메이크,루즈건 제로 에어
95,여름쿨,베네피트,하바나 블러셔
96,봄웜,에스쁘아,립스틱 노웨어
97,봄웜,코드 글로컬러,글리터 크러쉬코랄
98,봄웜,이니스프리,마이파운데이션 2.4
99,가을웜,웨이크메이크,휘핑 톡 틴트
100,봄웜,더샘,키스홀릭 립스틱 S데인저러스
101,봄웜,맥,립스테인 옵틱스오렌지
102,여름쿨,3ce,벨벳립틴트 차일드라디크
103,여름쿨,아리따움,모디네일 마룬레드
104,여름쿨,입생로랑,더 슬림 쉬어 마뜨 푸시아 앵팀
105,봄웜,스와니코코,백조쿠션
106,여름쿨,릴리바이레드,아이스크림 앙큼라이어 코팅틴트 #딸기바먹은척
107,겨울쿨,맥,루비우
108,봄웜,삐아,라스트 벨벳 립틴스 꽃보다 샤방
109,여름쿨,삐아,유혹해봄
110,여름쿨,부르조아,블러쉬
111,봄웜,헤라,블랙쿠션21호
112,봄웜,라카,저스트팔레트 에너지
113,여름쿨,맥,립스틱 올 파이어드업
114,가을웜,데싱디바,로즈골드 프리즘
115,가을웜,에뛰드,플레이 컬러 아이즈 와인파티
116,봄웜,셀퓨전씨,레이저 썬스크린 100
117,봄웜,차앤박,톤-업 프로텍션 선
118,여름쿨,이니스프리,컬러코렉팅 바닐라그린
119,여름쿨,루나,롱래스팅 팁컨실러 라이트베이지
120,봄웜,마몽드,크리미 틴트 인텐스
121,가을웜,sep,립스틱 얼티매트 뮤트레드
122,가을웜,3CE,슬림 벨벳 립
123,봄웜,클리오,루즈힐 벨벳 코랄 에비뉴
124,여름쿨,16브랜드,브릭킷 섀도우 데빌로즈
125,봄웜,삐아,라스트벨벳립틴트 무드갑
126,여름쿨,베네피트,단델리온 블러셔
127,봄웜,클리오,프리즘 에어 섀도우 피치코랄
128,봄웜,롬앤,올댓재즈
129,가을웜,메이블린,슈퍼스테이 립 잉크
130,가을웜,페리페라,맑게 물든 벨벳 치크
131,봄웜,나스,블러셔 지나
132,봄웜,클리오,킬커버파운데이션쿠션
133,봄웜,데싱디바,메직프레스 트로피컬 리프
134,여름쿨,네이키드,어반디케이
135,여름쿨,메이크업포에버,마이크로피니싱 루스 파우더
136,가을웜,키스미,아이브로우 네추럴브라운
137,가을웜,유이라,아이셰도우 팔레트
138,봄웜,베네피트,골드 러쉬
139,겨울쿨,삐아,라스트 블러쉬 피넛블로썸
140,가을웜,삐아,몽환적
141,가을웜,라카,매트 립틴트 디퍼
142,봄웜,미샤,모던섀도우 캐롯파이
143,여름쿨,클리니크,치크팝
144,여름쿨,더페이스샵,싱글블러셔
145,봄웜,아이오페,퍼펙트 쉐이딩
146,여름쿨,데싱디바,페디 프리즘 1905
147,봄웜,레브론,울트라 매트립컬러
148,여름쿨,네이처리퍼블릭,프로 터치 컬러 마스터 섀도 팔레트
149,겨울쿨,클리오,루즈 힐 립스틱 러브드렁크
150,가을웜,조르지오,아르마니
151,봄웜,어반디케이,미드나잇 카우보이
152,가을웜,롬앤,레드체인
153,여름쿨,어딕션,러브미트루
154,여름쿨,삐아,침착보스
155,겨울쿨,클리오,워터프루프 브러쉬라이너 블랙
156,여름쿨,에뛰드,춤추는 오로라
157,여름쿨,슈에무라,하드포뮬
158,여름쿨,맥,페인트팟 렛츠스케이트
159,가을웜,트로이아르케,힐링 쿠션
160,가을웜,에스쁘아,젯셋
161,봄웜,조성아16,16 치크샷 밀크티샷
162,봄웜,페리페라,잉크 더 에어리 벨벳
163,봄웜,투쿨포스쿨,바이로댕 하이라이터
164,봄웜,릴리바이레드,앙큼라이어 코팅틴트 1호
165,봄웜,엠큐어,스페셜비비
166,봄웜,문샷,에어 블러셔
167,여름쿨,미샤,클래식뮤즈
168,여름쿨,에뛰드하우스,플레이101스틱멀티컬러 08핑크하이라터
169,여름쿨,홀리카홀리카,다이아몬드밤
170,가을웜,맥,아이섀도우 템팅 러스트
171,가을웜,3CE,무드레시피 멀티 아이 컬러 팔레트
172,여름쿨,롬앤,제로매트 립스틱 스위피
174,봄웜,스킨밸런스,비비파운데이션
175,가을웜,션리,파파라치 벨벳틴트 마로네
176,봄웜,토니모리,겟잇틴트 레드핫
177,겨울쿨,라비오뜨,와인 립 틴트
178,여름쿨,입생로랑,베르니 아 레브르 루쥬 구아슈
179,봄웜,맥,웨지
180,여름쿨,아이오페,퍼펙트 커버 쿠션
181,가을웜,바비브라운,스킨 롱웨어 파운데이션
182,여름쿨,유이라,매직 톤업 크림
183,봄웜,조르지오,피치셔벳
184,여름쿨,이니스프리,마이팔레트 마이 블러셔 포근한 피치베리
185,겨울쿨,릴리바이레드,러브빔치크 유니콘빔
186,가을웜,수에무라,번트 오렌지 컬렉션
187,여름쿨,크리스찬 디올,소프트핑크
188,여름쿨,맥,임패션트
189,봄웜,조르지오 아르마니,립마그넷
190,봄웜,이니스프리,리얼 핏 립스틱
191,겨울쿨,홍샷,파워래스팅 벨벳틴트 플럼버건디
192,봄웜,에뛰드,디어달링
193,여름쿨,조성아16,테이스츄 누가핑크
194,여름쿨,클리오,프리즘에어블러셔
195,가을웜,에뛰드하우스,룩앳마이아이즈 통기타여신
196,겨울쿨,슈에무라,하드포뮬라 스톤그레이
197,가을웜,롬앤,올댓재즈
198,봄웜,어딕션,트리니티
199,가을웜,나스,상하이 익스프레스
200,봄웜,3CE,풀 오브 챰
202,봄웜,클리오,아이라이너
203,여름쿨,한스킨,블레미쉬 커버 컨실러 라이트
204,여름쿨,셀퓨전씨,레이저 썬스크린 100
205,봄웜,릴리바이레드,무드 라이어 벨벳 틴트 딸기슈먹은척
206,봄웜,헤라,블랙 쿠션
207,여름쿨,로레알,시그니처 립틴트 로즈
208,가을웜,토니모리,치크톤 싱글 블러셔 무드로즈
209,봄웜,릴리바이레드,무드 치트킷 섀도우 팔레트
210,가을웜,라카,스무스 매트 립스틱 스캇
211,겨울쿨,에스티로더,와일드포피
212,봄웜,어딕션,치크폴리쉬 12
213,봄웜,차앤박,프로폴리스 앰플 쿠션
214,봄웜,네이처 리퍼블릭,알로에 수딩젤
215,가을웜,나스,리퀴드 블러쉬 러스터
216,가을웜,웨이크메이크,웨이크메이크 립 페인트 10메이플 페인트
217,여름쿨,클리오,매드매트 립
218,겨울쿨,에스쁘아,테이핑커버쿠션 페탈
219,여름쿨,조르지오 아르마니,루즈 마뜨
220,봄웜,로라메르시에,아이 컬러 진저
221,봄웜,클리오,썬릿 오렌지
222,여름쿨,에스쁘아,벨벳틴트라커 폴인로즈
223,봄웜,입생로랑,루쥬 볼립떼 샤인
224,겨울쿨,3CE,벨벳 립 틴트 프라이빗
225,봄웜,미샤,컬러로즈
226,봄웜,아리따움,선샤인칵테일
227,봄웜,베네피트,치크리더스 브론즈 스쿼드
228,여름쿨,샤넬,루쥬 코코 플래쉬
229,봄웜,피치씨,소프트무드 아이섀도우 팔레트
230,가을웜,베네피트,록카튜어 블러셔
231,여름쿨,루나,에센스 수분광 팩트
232,여름쿨,베네피트,포지틴트
233,가을웜,클리오,루즈힐벨벳
234,가을웜,클리오,루즈힐 벨벳
235,여름쿨,아리따움,브로우 파우더 케익 애쉬브라운 듀오오
236,봄웜,VDL,엑스퍼트 컬러 리얼 핏 벨벳 609
237,가을웜,클리오,매드매트립 센슈얼페퍼
238,여름쿨,베네피트,허바나 라벤더 핑크 블러셔
239,여름쿨,바비브라운,아이섀도우 헤더
240,여름쿨,슈에무라,소프트모브
241,봄웜,에스쁘아,립스틱 노웨어
242,겨울쿨,크리니크,치크팝
243,봄웜,맥,파라디스코
244,봄웜,로레알,샤인 카레스 글로스 틴트
245,여름쿨,입생로랑,잉크 쿠션
246,겨울쿨,나스,리타
247,가을웜,미샤,이탈프리즈 로즈폼폼
248,가을웜,문샷,허니 커버렛 팔레트
249,여름쿨,슈에무라,하드포뮬라 스톤그레이
250,여름쿨,마몽드,크리미틴트컬러밤인텐스 13호 벨벳로즈
251,봄웜,디올,디올 어딕트 라커 스틱
252,겨울쿨,입생로랑,베르니 아 레브르 팝 워터
253,봄웜,쉬드엘,스킨핏 리퀴드 파운데이션
254,봄웜,로레알,링컨로즈
255,봄웜,슈에무라,루즈 마뜨 데일리레드
256,가을웜,아리따움,모노아이즈 이탈리안잡
257,여름쿨,페리페라,신의한수
258,가을웜,클리오,매드 벨벳 틴트 레드 씨커
259,가을웜,맥,레트로 매트 립스틱 런웨이 히트
260,여름쿨,VDL,퍼펙팅 래스트 파운데이션 A02
261,가을웜,맥,레이디데인저
262,가을웜,어반디케이,네이키드3
263,가을웜,클리오,루즈힐 벨벳
264,봄웜,더페이스샵,잉크래스팅 글로우
265,봄웜,입생로랑,입생로랑 베르니 아 레브르 8호
266,봄웜,클리오,킬커버 컨실쿠션
267,봄웜,나스,섹스어필 리퀴드 블러쉬
268,겨울쿨,에스티로더,퓨처리스트
269,겨울쿨,아리따움,모노아이즈 스위트 퍼플
270,가을웜,투쿨포스쿨,바이로댕 쉐딩
271,가을웜,맥,소바
272,가을웜,바비브라운,크러쉬드 립칼라 루비
273,겨울쿨,디올,787 익주버런트 매트
274,봄웜,미샤,모던 섀도우 이퀄라이즈
275,겨울쿨,어퓨,파스텔 블러셔 VL01
276,봄웜,더샘,글로벌 에코
277,겨울쿨,더페이스샵,프렌치브라운
278,가을웜,포니이펙트,이노센트
279,여름쿨,맥,풀 오브 더 조이
280,봄웜,맥,데어유 립스틱
281,봄웜,이니스프리,글로우 틴트 스틱 6호
282,봄웜,나스,섹스어필
283,여름쿨,네이처리퍼블릭,파스텔블러셔
284,가을웜,삐아,라스트립스틱
285,봄웜,아리따움,모노아이즈 틴트스틱
286,가을웜,삐아,라스트벨벳립틴트
287,봄웜,디올,디올 립글로우
288,가을웜,페리페라,비주얼갑
289,겨울쿨,마몽드,크리미 틴트 컬러밤 키싱유
290,가을웜,삐아,침착보스
291,봄웜,입생로랑,루쥬 볼
292,가을웜,나스,새틴 립펜슬 골산
293,여름쿨,앤아더스토리즈,애플블룸핑크
294,여름쿨,페리페라,슈가 트윙클 리퀴드섀도우 핑크 멜로디
295,여름쿨,클리오,매드샤인 립 07 슈가밤
296,가을웜,베네피트,차차틴트
297,여름쿨,마몽드,크리미틴트 벨벳로즈
298,겨울쿨,맥,비포데인저
299,봄웜,clinique,멜론팝
300,봄웜,시세이도,비전에어리 젤립스틱 222
301,가을웜,아리따움,크림투샤인 10드라이로즈
302,겨울쿨,3CE,gone bad
303,겨울쿨,샤넬,루쥬 알뤼르 잉크 쇼껑
304,봄웜,웨이크메이크,레드로켓
305,여름쿨,조르지오 아르마니,루즈 쉬어 501
306,가을웜,삐아,침착보스
307,가을웜,에뛰드,시럽빼고 테이크 아웃
308,여름쿨,이글립스,라이블리 립 매트
309,가을웜,삐아,오곡시리즈 팥
310,여름쿨,샤넬,루쥬 알뤼르 94
311,가을웜,아리따움,모노아이즈 소프트니트
312,봄웜,아리따움,슈가볼벨벳블러셔 망고플라워
313,가을웜,롬앤,올댓재즈
314,봄웜,삐아,라스트 벨벳 립틴트 생기갑
315,봄웜,드레스킨,투썸 페이커
316,봄웜,릴리바이레드,앙큼 라이어 코팅틴트 수줍은복숭아인척
317,봄웜,삐아,사랑해봄
318,봄웜,클리오,스테이샤인 립시럽 4호
319,봄웜,슈에무라,강남오렌지
320,겨울쿨,입생로랑,루쥬 뷔르 꾸뛰르 208호
321,여름쿨,랑콤,블랑 엑스퍼트 쿠션 P-01
322,여름쿨,맥,루비우
323,가을웜,삐아,라스트 립스틱
324,가을웜,크리니크,누드팝
325,봄웜,오휘,오휘 리얼컬러블러셔
326,여름쿨,맥,릴렌트리슬리 레드
327,봄웜,크리스챤디올,루즈 디올 080
328,봄웜,아리따움,모노아이즈 진저파우더
329,봄웜,릴리바이레드,스태리아이즈 나인투나인 아이라이너 4호
330,가을웜,미샤,촉촉 텐션 블러셔 3호 모던하고 분위기있개
331,봄웜,조르지오,조르지오 아르마니 립마그넷
332,여름쿨,이니스프리,마이팔레트 마이 블러셔
333,겨울쿨,맥,버시컬러 스테인  리질리언트루즈
334,봄웜,어퓨,트루매트 플루이드 CR02
335,여름쿨,캔메이크,퍼펙스 스타일리스트 아이즈 14
336,여름쿨,세잔느,내추럴 치크 10
337,여름쿨,3CE,매트립컬러
338,여름쿨,머지,더 퍼스트 립스틱
339,봄웜,이글립스,애플핏블러셔
340,겨울쿨,입생로랑,따뚜아쥬 꾸뛰르 8호 (블랙레드코드)
341,여름쿨,헤라,센슈얼틴트
342,가을웜,미샤,트리플 섀도우
343,여름쿨,네이처리퍼블릭,바이플라워 트리플 머랭
344,여름쿨,미샤,모던 섀도우 로즈폼폼
345,가을웜,맥,브릭오라
346,여름쿨,페리페라,페리페라 잉크더라커
347,여름쿨,입생로랑,루쥬
348,봄웜,아임미미,아임 하트 스탬프 블러셔
349,가을웜,나스,상하이 익스프레스
350,봄웜,아리따움,모노아이즈 캐시미어
351,겨울쿨,vdl,페스티벌 블러셔 미스터빅
352,겨울쿨,나스,임패션드
353,가을웜,삐아,라스트 벨벳 립 틴트5
354,가을웜,스틸라,매그니피센트 메탈스 글리터&글로우 리퀴드 아이섀도우
355,여름쿨,바닐라코,립드로우 매트 블라스트스틱
356,가을웜,크리니크,진저팝
357,여름쿨,웨이크메이크,수분톡틴트 레드워터
358,여름쿨,클리오,프리즘에어섀도우 5호
359,봄웜,더샘,샘물 스마일 베베 블러셔
360,가을웜,맥,듀보넷
361,여름쿨,로레알파리,트루매치파운데이션 로즈포슬린
362,가을웜,바비브라운,앤티크로즈
363,여름쿨,토니모리,엣지오브글로리
364,여름쿨,아리따움,브로우 파우더 케익 애쉬브라운 듀오
365,봄웜,바비브라운,블레이징레드
366,겨울쿨,슈에무라,슈프림 마뜨 강남핑크
367,가을웜,베네피트,갤리포니아
368,여름쿨,스틸라,키튼카르마
369,봄웜,디올,어딕트 립 글로우 코랄
370,여름쿨,나스,유아노굿
371,여름쿨,루나솔,02소프트베이지
372,겨울쿨,삐아,라스트벨벳립스틱 독보적
373,봄웜,베네피트,단델리온
374,가을웜,아리따움,모노아이즈 썸데이
375,여름쿨,크리니크,헤더팝
376,봄웜,페리페라,잉크더벨벳 4호 감탄연발
377,봄웜,맥,맹그로브
378,봄웜,네이처리퍼블릭,세럼인틴트 탠저린자몽
379,여름쿨,클리오,매드 매트 립 (10 크림슨 로즈)
380,여름쿨,랑콤,압솔뤼 루즈 264
381,가을웜,맥,칠리
382,가을웜,나스,오르가즘
383,가을웜,웨이크메이크,휘핑톡틴트04로즈휩
384,봄웜,삐아,캐시미어섀도우08로즈블랑
385,가을웜,에뛰드,디어달링워터젤틴트
386,겨울쿨,에뛰드하우스,러블리쿠키블러셔
387,여름쿨,이니스프리,2호목련엔딩
388,봄웜,임블리,블리블리 벨벳 립쿠션
389,여름쿨,삐아,피그먼트 01순한맛
393,여름쿨,어퓨,vl03 과즙팡블러셔
394,봄웜,에뛰드하우스,피치팜
395,봄웜,에스쁘아,비실크파운데이션 아이보리Y
396,가을웜,3ce,토프
397,가을웜,아리따움,드라이로즈틴트
398,가을웜,바비브라운,허니베어
399,겨울쿨,모노아이즈,클래식섀도우
400,봄웜,맥,옵틱스오렌지
401,여름쿨,릴리바이레드,러브빔치크 수줍빔
402,겨울쿨,키스미,블랙마스카라
403,봄웜,홀리카홀리카,다이아몬드밤
414,여름쿨,나스,드래곤걸
415,여름쿨,맥,릴렌트리슬리레드
416,겨울쿨,나스,그레타
417,봄웜,맥,트룰리에버라스팅
418,봄웜,모노아이즈,소셜라이트
419,가을웜,아리따움,베이비로즈
420,여름쿨,토니모리,밀키바이올렛
421,겨울쿨,토니모리,딥버건디아이라이너
422,여름쿨,토니모리,아이브로우 그레이브라운
423,봄웜,크리니크,멜론팝
424,가을웜,맥,칠리
425,가을웜,스킨푸드,생과일치크4호 무화과
426,여름쿨,나스,로만홀리데이
427,봄웜,맥,옵틱스오렌지
428,겨울쿨,에뛰드하우스,에스프레스콘파냐
429,가을웜,어반디케이,네이키드팔레트히트
430,가을웜,나스,아모르
431,여름쿨,맥,101플렉시핑크
432,봄웜,페리페라,쏘울어택
433,여름쿨,조르지오아르마니,파워패브릭3호
435,여름쿨,캔메이크,걸리로즈
436,가을웜,웨이메이크,시크릿브라운
437,가을웜,크리니크,진저팝
438,가을웜,CLINIQUE,cheek pop / blush pop - 05 nude pop
439,여름쿨,잇츠스킨,잇츠 탑 바이 이태리 매트 립 펜슬 체리크러쉬
440,봄웜,맥,파라디스코
441,봄웜,톰포드,Beauty 05561 Shade & Illuminate Lips ? Posession
442,봄웜,베네피트,단델리온
443,봄웜,닥터자르트,닥터자르트 실버라벨 비비
444,봄웜,맥,맥 레이디데인저
445,봄웜,페리페라,잉크 피팅 아이즈 온 더 비치
446,겨울쿨,투쿨포스쿨,다이노플라츠 바치오브라키오 아우다체
447,가을웜,홀리카홀리카,피스매칭섀도우4구팔레트 플라워케이크
448,가을웜,슈에무라,MyShuMLBB립스틱 마뜨로즈
449,여름쿨,슈에무라,루즈언리미티드쉬어샤인 런웨이핑크
450,봄웜,토니모리,퍼펙트립스쇼킹립 루비쇼킹
451,여름쿨,베네피트,포지틴트
452,여름쿨,스킨푸드,미네랄슈가트리플섀도우 핑크애쉬브라운
453,봄웜,스킨푸드,생과일 립앤치크 방울토마토
454,가을웜,미샤,매트립루즈 살사레드
455,가을웜,이글립스,라이블리 립매트 포피칠리매트
456,가을웜,바닐라코,립 라커 새틴핏 레드 칠리
457,가을웜,끌레드뽀 보떼,크림 블러쉬 1호 Cranberry red
458,겨울쿨,클리오,킬블랙 XP
459,봄웜,베리썸,웁스 마이 립틴트팩 러블리피치
460,여름쿨,랑콤,노엘 팔레트 오브 드림
461,봄웜,어퓨,광택의 여왕-로즈루어 립스틱 에어프릴문
462,여름쿨,토니모리,치크톤 싱글 블러셔 밀키바이올렛
463,여름쿨,랑콤,샤인러버 - 오 체리
464,봄웜,에스쁘아,컬러코닉 틴트 라커 플래쉬온
465,여름쿨,랑콤,압솔뤼루즈 핑크클릭
466,여름쿨,에스쁘아,마인디
467,봄웜,헤라,루즈홀릭 슈프림핑크
468,가을웜,이니스프리,고소한아몬드
469,여름쿨,입생로랑,루쥬 뷔르 꾸뛰르 베르니 아 레브르 11호
470,가을웜,페리페라,여주인공
472,봄웜,클리오,매드 매트립 샐몬로즈
473,가을웜,나스,듀오 아이섀도우 이졸데
474,봄웜,캐시캣,코드글로컬러 A스파클링 워터틴트 YELLOW오렌지
475,겨울쿨,나스,퓨어 매트 립스틱 배수비오
476,봄웜,갓스킨,갓츄 립벨벳 피치플러쉬(코랄)
477,겨울쿨,나스,안젤리카
478,가을웜,나스,오르가즘
479,여름쿨,더페이스샵,CODE 더블립퀴드 옐로우레드
480,겨울쿨,어퓨,광택의 여왕 로즈루어 립스틱 돌세토
481,여름쿨,스틸라,쥬얼 아이섀도우 로즈쿼츠
482,여름쿨,나스,벨벳 립 글라이드 댄스테리아
483,가을웜,스틸라,메그니피센트 메탈 글리터&글로우 리퀴드 아이섀도우
484,겨울쿨,맥,디바
485,여름쿨,맥,플럼풀
486,가을웜,에뛰드하우스,룩엣마이아이즈 머슬마니아
487,봄웜,베네피트,단델리온 핑크 블러셔
488,가을웜,나스,돌체비타
489,여름쿨,마몽드,크리미틴트 35호 벨벳체리
490,가을웜,MAC,soba
491,봄웜,샤넬,알뤼르 90호 PIMPANTE
492,봄웜,맥,모란지
493,가을웜,에스티로더,퓨어칼라 엔비 스컬프팅 아이섀도우 팔레트 5호 피어리 샤프론
494,여름쿨,슈에무라,루즈 언리미티드 슈프림마뜨 강남핑크
495,겨울쿨,미샤,모던섀도우 컬렉션 이탈프리즘 2호 빈티지스테이지
496,봄웜,바비브라운,립앤치크 프레쉬멜론
497,가을웜,에뛰드하우스,룩 앳 마이 아이즈 통기타여신
498,여름쿨,더페이스샵,핑거 글로스 PK102 대쉬핑크
499,겨울쿨,맥,러시안 레드
500,봄웜,에뛰드하우스,디어 마이 에나멜 립스 톡 갸우뚱레드
501,가을웜,나스,어데이셔스 립스틱 제인
502,겨울쿨,톰포드,LIP COLOR 17 VIOLET FATALE
503,여름쿨,샤넬,루즈 코코 샤인 116 MIGHTY
504,봄웜,로레알파리,샤인 카레스 글로스 틴트
505,겨울쿨,부르조아,루즈에디션 벨벳 펀치아
506,여름쿨,로라메르시에,캐시미어
507,봄웜,입생로랑,루쥬뷔르 꾸뛰르 베르니 아 레브르 12호
508,여름쿨,나스,뤽상부르
509,여름쿨,슈에무라,강남핑크
510,여름쿨,디올,어딕트 립글로우
511,봄웜,조르지오 아르마니,립마그넷 303
512,여름쿨,스킨푸드,생과일 립앤치크 딸기
513,가을웜,헤라,헤라 루즈홀릭 333
514,봄웜,슈에무라,슈에무라루즈 쉬어샤인 업타운오렌지
515,여름쿨,나스,블러셔 게이어티
516,가을웜,로라메르시에,아이섀도우 진저
517,봄웜,페리페라,잉크더벨벳 2호 심쿵유발
518,여름쿨,로라메르시에,아이섀도우 구아바
519,봄웜,베네피트,단델리온 미니 블러셔
520,겨울쿨,바비브라운,스파클 아이섀도우 시멘트
521,가을웜,입생로랑,틴트 9호
522,겨울쿨,슈에무라,언리미티드 쉬어샤인 립스틱 286
523,봄웜,MAC,맥 디바
524,가을웜,MAC,칠리
525,가을웜,슈에무라,강남오렌지 OR570
526,여름쿨,나스,나스 섀도우 듀오 부탄
527,여름쿨,나스,게이어티 블러셔 4034
528,여름쿨,로라메르시에,새틴 아이컬러 구아바
529,여름쿨,부르조아,더 리틀 라운드 팟 아이섀도우
530,봄웜,낫츠,립 쉬머 글로스
531,봄웜,슈에무라,쉬어샤인 업타운 오렌지
